Workbook

Sheet Traspas hores centres
A1: Data | B1: Empleado | C1: Organizaciones | D1: Origen Codi | E1: Origen Nom | F1: Proyecto | G1: Desti codi | H1: Desti Nom | I1: Minutos | J1: hores | K1: Preu hora | L1: TOTAL
A2: 46143 | B2: ARAYA SAEZ LIDON | C2: Plural sala, Cambrer/a Plural | D2: =_xlfn.XLOOKUP(C2,Conversio!$B:$B,Conversio!$C:$C,"No trobat",0) -> CCR00009 | E2: =_xlfn.XLOOKUP(D2,Conversio!$C:$C,Conversio!$D:$D,"No trobat",0) -> RESTAURANT VALKIRIA | F2: Camp Nou | G2: =_xlfn.XLOOKUP(F2,Conversio!$B:$B,Conversio!$C:$C,"No trobat",0) -> CCR00004 | H2: =_xlfn.XLOOKUP(G2,Conversio!$C:$C,Conversio!$D:$D,"No trobat",0) -> RESTAURANT CAMP NOU | I2: 360 | J2: =I2/60 -> 6 | K2: 18 | L2: =J2*K2 -> 108
A3: 46143 | B3: GISLENE GOMES RIBEIRO POTRATZ | C3: Juno sala, Cambrer/a Juno, Juno House | D3: =_xlfn.XLOOKUP(C3,Conversio!$B:$B,Conversio!$C:$C,"No trobat",0) -> CCR00007 | E3: =_xlfn.XLOOKUP(D3,Conversio!$C:$C,Conversio!$D:$D,"No trobat",0) -> RESTAURANT JUNO HOUSE | F3: Camp Nou | G3: =_xlfn.XLOOKUP(F3,Conversio!$B:$B,Conversio!$C:$C,"No trobat",0) -> CCR00004 | H3: =_xlfn.XLOOKUP(G3,Conversio!$C:$C,Conversio!$D:$D,"No trobat",0) -> RESTAURANT CAMP NOU | I3: 811 | J3: =I3/60 -> 13.516667 | K3: 18 | L3: =J3*K3 -> 243.3
A4: 46143 | B4: JAIME SALOM I MERCE | C4: La Masia sala, La Masia, Cambrer/a Masia | D4: =_xlfn.XLOOKUP(C4,Conversio!$B:$B,Conversio!$C:$C,"No trobat",0) -> CCR00003 | E4: =_xlfn.XLOOKUP(D4,Conversio!$C:$C,Conversio!$D:$D,"No trobat",0) -> RESTAURANT LA MASIA D'ESPLUGUES | F4: Camp Nou | G4: =_xlfn.XLOOKUP(F4,Conversio!$B:$B,Conversio!$C:$C,"No trobat",0) -> CCR00004 | H4: =_xlfn.XLOOKUP(G4,Conversio!$C:$C,Conversio!$D:$D,"No trobat",0) -> RESTAURANT CAMP NOU | I4: 380 | J4: =I4/60 -> 6.3333333 | K4: 18 | L4: =J4*K4 -> 114
A5: 46143 | B5: LIDA LILIAN SIGAS NIETO | C5: Juno sala, Responsable sala Juno, Juno House | D5: =_xlfn.XLOOKUP(C5,Conversio!$B:$B,Conversio!$C:$C,"No trobat",0) -> CCR00007 | E5: =_xlfn.XLOOKUP(D5,Conversio!$C:$C,Conversio!$D:$D,"No trobat",0) -> RESTAURANT JUNO HOUSE | F5: Camp Nou | G5: =_xlfn.XLOOKUP(F5,Conversio!$B:$B,Conversio!$C:$C,"No trobat",0) -> CCR00004 | H5: =_xlfn.XLOOKUP(G5,Conversio!$C:$C,Conversio!$D:$D,"No trobat",0) -> RESTAURANT CAMP NOU | I5: 442 | J5: =I5/60 -> 7.3666667 | K5: 18 | L5: =J5*K5 -> 132.6
A6: 46143 | B6: ANA ISABEL CABELLO RODRIGUEZ | C6: Soliver sala, Cambrer/a Soliver | D6: =_xlfn.XLOOKUP(C6,Conversio!$B:$B,Conversio!$C:$C,"No trobat",0) -> CCR00010 | E6: =_xlfn.XLOOKUP(D6,Conversio!$C:$C,Conversio!$D:$D,"No trobat",0) -> RESTAURANT SOLIVER | F6: Càtering | G6: =_xlfn.XLOOKUP(F6,Conversio!$B:$B,Conversio!$C:$C,"No trobat",0) -> CCE00000 | H6: =_xlfn.XLOOKUP(G6,Conversio!$C:$C,Conversio!$D:$D,"No trobat",0) -> ADMINISTRACIO EMPRESA | I6: 3081 | J6: =I6/60 -> 51.35 | K6: 18 | L6: =J6*K6 -> 924.3
A7: 46143 | B7: ARAYA SAEZ LIDON | C7: Plural sala, Cambrer/a Plural | D7: =_xlfn.XLOOKUP(C7,Conversio!$B:$B,Conversio!$C:$C,"No trobat",0) -> CCR00009 | E7: =_xlfn.XLOOKUP(D7,Conversio!$C:$C,Conversio!$D:$D,"No trobat",0) -> RESTAURANT VALKIRIA | F7: Càtering | G7: =_xlfn.XLOOKUP(F7,Conversio!$B:$B,Conversio!$C:$C,"No trobat",0) -> CCE00000 | H7: =_xlfn.XLOOKUP(G7,Conversio!$C:$C,Conversio!$D:$D,"No trobat",0) -> ADMINISTRACIO EMPRESA | I7: 970 | J7: =I7/60 -> 16.166667 | K7: 18 | L7: =J7*K7 -> 291
A8: 46143 | B8: CHAYMAE BIBIH KAMROUCHI | C8: Orígens cuina, Cuiner/a Orígens | D8: =_xlfn.XLOOKUP(C8,Conversio!$B:$B,Conversio!$C:$C,"No trobat",0) -> CCR00001 | E8: =_xlfn.XLOOKUP(D8,Conversio!$C:$C,Conversio!$D:$D,"No trobat",0) -> RESTAURANT ORIGENS | F8: Càtering | G8: =_xlfn.XLOOKUP(F8,Conversio!$B:$B,Conversio!$C:$C,"No trobat",0) -> CCE00000 | H8: =_xlfn.XLOOKUP(G8,Conversio!$C:$C,Conversio!$D:$D,"No trobat",0) -> ADMINISTRACIO EMPRESA | I8: 541 | J8: =I8/60 -> 9.0166667 | K8: 18 | L8: =J8*K8 -> 162.3
A9: 46143 | B9: CHRISTIAN OMAR ROJAS DE LA CRUZ | C9: Plural cuina, Greenvita cuina, Responsable cuina Plural | D9: =_xlfn.XLOOKUP(C9,Conversio!$B:$B,Conversio!$C:$C,"No trobat",0) -> CCR00009 | E9: =_xlfn.XLOOKUP(D9,Conversio!$C:$C,Conversio!$D:$D,"No trobat",0) -> RESTAURANT VALKIRIA | F9: Càtering | G9: =_xlfn.XLOOKUP(F9,Conversio!$B:$B,Conversio!$C:$C,"No trobat",0) -> CCE00000 | H9: =_xlfn.XLOOKUP(G9,Conversio!$C:$C,Conversio!$D:$D,"No trobat",0) -> ADMINISTRACIO EMPRESA | I9: 1290 | J9: =I9/60 -> 21.5 | K9: 18 | L9: =J9*K9 -> 387
A10: 46143 | B10: CYNTHIA OSARU | C10: Camp Nou cuina, Cuiner/a Camp Nou | D10: =_xlfn.XLOOKUP(C10,Conversio!$B:$B,Conversio!$C:$C,"No trobat",0) -> CCR00004 | E10: =_xlfn.XLOOKUP(D10,Conversio!$C:$C,Conversio!$D:$D,"No trobat",0) -> RESTAURANT CAMP NOU | F10: Càtering | G10: =_xlfn.XLOOKUP(F10,Conversio!$B:$B,Conversio!$C:$C,"No trobat",0) -> CCE00000 | H10: =_xlfn.XLOOKUP(G10,Conversio!$C:$C,Conversio!$D:$D,"No trobat",0) -> ADMINISTRACIO EMPRESA | I10: 540 | J10: =I10/60 -> 9 | K10: 18 | L10: =J10*K10 -> 162
A11: 46143 | B11: DANIELA MARIN MUÑOZ | C11: Juno sala, Cambrer/a Juno, Juno House, Serveis externs | D11: =_xlfn.XLOOKUP(C11,Conversio!$B:$B,Conversio!$C:$C,"No trobat",0) -> CCR00009 | E11: =_xlfn.XLOOKUP(D11,Conversio!$C:$C,Conversio!$D:$D,"No trobat",0) -> RESTAURANT VALKIRIA | F11: Càtering | G11: =_xlfn.XLOOKUP(F11,Conversio!$B:$B,Conversio!$C:$C,"No trobat",0) -> CCE00000 | H11: =_xlfn.XLOOKUP(G11,Conversio!$C:$C,Conversio!$D:$D,"No trobat",0) -> ADMINISTRACIO EMPRESA | I11: 1844 | J11: =I11/60 -> 30.733333 | K11: 18 | L11: =J11*K11 -> 553.2
A12: 46143 | B12: GABRIEL ALEXIS IBACACHE ARAYA | C12: Soliver sala, Cambrer/a Soliver | D12: =_xlfn.XLOOKUP(C12,Conversio!$B:$B,Conversio!$C:$C,"No trobat",0) -> CCR00010 | E12: =_xlfn.XLOOKUP(D12,Conversio!$C:$C,Conversio!$D:$D,"No trobat",0) -> RESTAURANT SOLIVER | F12: Càtering | G12: =_xlfn.XLOOKUP(F12,Conversio!$B:$B,Conversio!$C:$C,"No trobat",0) -> CCE00000 | H12: =_xlfn.XLOOKUP(G12,Conversio!$C:$C,Conversio!$D:$D,"No trobat",0) -> ADMINISTRACIO EMPRESA | I12: 3822 | J12: =I12/60 -> 63.7 | K12: 18 | L12: =J12*K12 -> 1146.6
A13: 46143 | B13: GERARDO ANTONIO PEREZ LOPEZ | C13: La Masia cuina, La Masia, Cuiner/a Masia | D13: =_xlfn.XLOOKUP(C13,Conversio!$B:$B,Conversio!$C:$C,"No trobat",0) -> CCR00003 | E13: =_xlfn.XLOOKUP(D13,Conversio!$C:$C,Conversio!$D:$D,"No trobat",0) -> RESTAURANT LA MASIA D'ESPLUGUES | F13: Càtering | G13: =_xlfn.XLOOKUP(F13,Conversio!$B:$B,Conversio!$C:$C,"No trobat",0) -> CCE00000 | H13: =_xlfn.XLOOKUP(G13,Conversio!$C:$C,Conversio!$D:$D,"No trobat",0) -> ADMINISTRACIO EMPRESA | I13: 300 | J13: =I13/60 -> 5 | K13: 18 | L13: =J13*K13 -> 90
... A54: 46143 | B54: JOSE ANTONIO OCHOA SANCHEZ | C54: Bases cuina central, Bases cuina central | D54: =_xlfn.XLOOKUP(C54,Conversio!$B:$B,Conversio!$C:$C,"No trobat",0) -> CCC00007 | E54: =_xlfn.XLOOKUP(D54,Conversio!$C:$C,Conversio!$D:$D,"No trobat",0) -> CUINA CENTRAL | F54: Cuina Càtering | G54: =_xlfn.XLOOKUP(F54,Conversio!$B:$B,Conversio!$C:$C,"No trobat",0) -> CCE00000 | H54: =_xlfn.XLOOKUP(G54,Conversio!$C:$C,Conversio!$D:$D,"No trobat",0) -> ADMINISTRACIO EMPRESA | I54: 14311 | J54: =I54/60 -> 238.51667 | K54: 18 | L54: =J54*K54 -> 4293.3
A55: 46143 | B55: JOSE DELIO REYES GUZMAN | D55: =_xlfn.XLOOKUP(C55,Conversio!$B:$B,Conversio!$C:$C,"No trobat",0) -> No trobat | E55: =_xlfn.XLOOKUP(D55,Conversio!$C:$C,Conversio!$D:$D,"No trobat",0) -> No trobat | F55: Cuina Càtering | G55: =_xlfn.XLOOKUP(F55,Conversio!$B:$B,Conversio!$C:$C,"No trobat",0) -> CCE00000 | H55: =_xlfn.XLOOKUP(G55,Conversio!$C:$C,Conversio!$D:$D,"No trobat",0) -> ADMINISTRACIO EMPRESA | I55: 1125 | J55: =I55/60 -> 18.75 | K55: 18 | L55: =J55*K55 -> 337.5
A56: 46143 | B56: LESYA MANKO | C56: Soliver cuina, Responsable cuina Soliver | D56: =_xlfn.XLOOKUP(C56,Conversio!$B:$B,Conversio!$C:$C,"No trobat",0) -> CCR00010 | E56: =_xlfn.XLOOKUP(D56,Conversio!$C:$C,Conversio!$D:$D,"No trobat",0) -> RESTAURANT SOLIVER | F56: Cuina Càtering | G56: =_xlfn.XLOOKUP(F56,Conversio!$B:$B,Conversio!$C:$C,"No trobat",0) -> CCE00000 | H56: =_xlfn.XLOOKUP(G56,Conversio!$C:$C,Conversio!$D:$D,"No trobat",0) -> ADMINISTRACIO EMPRESA | I56: 2950 | J56: =I56/60 -> 49.166667 | K56: 18 | L56: =J56*K56 -> 885
A57: 46143 | B57: MARIA BEGOÑA GUILLEN BORBOLLA | C57: Events cuina central, Events cuina central | D57: =_xlfn.XLOOKUP(C57,Conversio!$B:$B,Conversio!$C:$C,"No trobat",0) -> CCC00007 | E57: =_xlfn.XLOOKUP(D57,Conversio!$C:$C,Conversio!$D:$D,"No trobat",0) -> CUINA CENTRAL | F57: Cuina Càtering | G57: =_xlfn.XLOOKUP(F57,Conversio!$B:$B,Conversio!$C:$C,"No trobat",0) -> CCE00000 | H57: =_xlfn.XLOOKUP(G57,Conversio!$C:$C,Conversio!$D:$D,"No trobat",0) -> ADMINISTRACIO EMPRESA | I57: 3707 | J57: =I57/60 -> 61.783333 | K57: 18 | L57: =J57*K57 -> 1112.1
A58: 46143 | B58: MAURICIO DIAS GRILLO | C58: Precuinats cuina central, Precuinats cuina central | D58: =_xlfn.XLOOKUP(C58,Conversio!$B:$B,Conversio!$C:$C,"No trobat",0) -> CCP00014 | E58: =_xlfn.XLOOKUP(D58,Conversio!$C:$C,Conversio!$D:$D,"No trobat",0) -> CENTRE PRODUCCIO | F58: Cuina Càtering | G58: =_xlfn.XLOOKUP(F58,Conversio!$B:$B,Conversio!$C:$C,"No trobat",0) -> CCE00000 | H58: =_xlfn.XLOOKUP(G58,Conversio!$C:$C,Conversio!$D:$D,"No trobat",0) -> ADMINISTRACIO EMPRESA | I58: 1081 | J58: =I58/60 -> 18.016667 | K58: 18 | L58: =J58*K58 -> 324.3
A59: 46143 | B59: MOHAMMED CHAATOUF BOUFTILA | C59: Font de la Canya cuina, Responsable cuina FDLC | D59: =_xlfn.XLOOKUP(C59,Conversio!$B:$B,Conversio!$C:$C,"No trobat",0) -> CCR00008 | E59: =_xlfn.XLOOKUP(D59,Conversio!$C:$C,Conversio!$D:$D,"No trobat",0) -> RESTAURANT FONT DE LA CANYA | F59: Cuina Càtering | G59: =_xlfn.XLOOKUP(F59,Conversio!$B:$B,Conversio!$C:$C,"No trobat",0) -> CCE00000 | H59: =_xlfn.XLOOKUP(G59,Conversio!$C:$C,Conversio!$D:$D,"No trobat",0) -> ADMINISTRACIO EMPRESA | I59: 608 | J59: =I59/60 -> 10.133333 | K59: 18 | L59: =J59*K59 -> 182.4
A60: 46143 | B60: NADIA MANKO | C60: Soliver cuina, Cuiner/a Soliver | D60: =_xlfn.XLOOKUP(C60,Conversio!$B:$B,Conversio!$C:$C,"No trobat",0) -> CCR00010 | E60: =_xlfn.XLOOKUP(D60,Conversio!$C:$C,Conversio!$D:$D,"No trobat",0) -> RESTAURANT SOLIVER | F60: Cuina Càtering | G60: =_xlfn.XLOOKUP(F60,Conversio!$B:$B,Conversio!$C:$C,"No trobat",0) -> CCE00000 | H60: =_xlfn.XLOOKUP(G60,Conversio!$C:$C,Conversio!$D:$D,"No trobat",0) -> ADMINISTRACIO EMPRESA | I60: 2689 | J60: =I60/60 -> 44.816667 | K60: 18 | L60: =J60*K60 -> 806.7
A61: 46143 | B61: NANCY ESMERALDA AGUILAR PALMA | C61: Bases cuina central, Bases cuina central | D61: =_xlfn.XLOOKUP(C61,Conversio!$B:$B,Conversio!$C:$C,"No trobat",0) -> CCC00007 | E61: =_xlfn.XLOOKUP(D61,Conversio!$C:$C,Conversio!$D:$D,"No trobat",0) -> CUINA CENTRAL | F61: Cuina Càtering | G61: =_xlfn.XLOOKUP(F61,Conversio!$B:$B,Conversio!$C:$C,"No trobat",0) -> CCE00000 | H61: =_xlfn.XLOOKUP(G61,Conversio!$C:$C,Conversio!$D:$D,"No trobat",0) -> ADMINISTRACIO EMPRESA | I61: 691 | J61: =I61/60 -> 11.516667 | K61: 18 | L61: =J61*K61 -> 207.3
A62: 46143 | B62: NEUS JUVÉ MARTINEZ | C62: Events cuina central, Events cuina central | D62: =_xlfn.XLOOKUP(C62,Conversio!$B:$B,Conversio!$C:$C,"No trobat",0) -> CCC00007 | E62: =_xlfn.XLOOKUP(D62,Conversio!$C:$C,Conversio!$D:$D,"No trobat",0) -> CUINA CENTRAL | F62: Cuina Càtering | G62: =_xlfn.XLOOKUP(F62,Conversio!$B:$B,Conversio!$C:$C,"No trobat",0) -> CCE00000 | H62: =_xlfn.XLOOKUP(G62,Conversio!$C:$C,Conversio!$D:$D,"No trobat",0) -> ADMINISTRACIO EMPRESA | I62: 3556 | J62: =I62/60 -> 59.266667 | K62: 18 | L62: =J62*K62 -> 1066.8
A63: 46143 | B63: RACHID BAKALI ALLOUCHI | C63: Events cuina central, Events cuina central | D63: =_xlfn.XLOOKUP(C63,Conversio!$B:$B,Conversio!$C:$C,"No trobat",0) -> CCC00007 | E63: =_xlfn.XLOOKUP(D63,Conversio!$C:$C,Conversio!$D:$D,"No trobat",0) -> CUINA CENTRAL | F63: Cuina Càtering | G63: =_xlfn.XLOOKUP(F63,Conversio!$B:$B,Conversio!$C:$C,"No trobat",0) -> CCE00000 | H63: =_xlfn.XLOOKUP(G63,Conversio!$C:$C,Conversio!$D:$D,"No trobat",0) -> ADMINISTRACIO EMPRESA | I63: 3054 | J63: =I63/60 -> 50.9 | K63: 18 | L63: =J63*K63 -> 916.2
A64: 46143 | B64: SABAH NOUNOUH | C64: Events cuina central, Events cuina central | D64: =_xlfn.XLOOKUP(C64,Conversio!$B:$B,Conversio!$C:$C,"No trobat",0) -> CCC00007 | E64: =_xlfn.XLOOKUP(D64,Conversio!$C:$C,Conversio!$D:$D,"No trobat",0) -> CUINA CENTRAL | F64: Cuina Càtering | G64: =_xlfn.XLOOKUP(F64,Conversio!$B:$B,Conversio!$C:$C,"No trobat",0) -> CCE00000 | H64: =_xlfn.XLOOKUP(G64,Conversio!$C:$C,Conversio!$D:$D,"No trobat",0) -> ADMINISTRACIO EMPRESA | I64: 1876 | J64: =I64/60 -> 31.266667 | K64: 18 | L64: =J64*K64 -> 562.8
A65: 46143 | B65: SARA GUTIERREZ GARCIA | C65: Events cuina central, Events cuina central | D65: =_xlfn.XLOOKUP(C65,Conversio!$B:$B,Conversio!$C:$C,"No trobat",0) -> CCC00007 | E65: =_xlfn.XLOOKUP(D65,Conversio!$C:$C,Conversio!$D:$D,"No trobat",0) -> CUINA CENTRAL | F65: Cuina Càtering | G65: =_xlfn.XLOOKUP(F65,Conversio!$B:$B,Conversio!$C:$C,"No trobat",0) -> CCE00000 | H65: =_xlfn.XLOOKUP(G65,Conversio!$C:$C,Conversio!$D:$D,"No trobat",0) -> ADMINISTRACIO EMPRESA | I65: 1327 | J65: =I65/60 -> 22.116667 | K65: 18 | L65: =J65*K65 -> 398.1
A66: 46143 | B66: SERGIO DELGADO ACOSTA | C66: Camp Nou cuina, Cuiner/a Camp Nou | D66: =_xlfn.XLOOKUP(C66,Conversio!$B:$B,Conversio!$C:$C,"No trobat",0) -> CCR00004 | E66: =_xlfn.XLOOKUP(D66,Conversio!$C:$C,Conversio!$D:$D,"No trobat",0) -> RESTAURANT CAMP NOU | F66: Cuina Càtering | G66: =_xlfn.XLOOKUP(F66,Conversio!$B:$B,Conversio!$C:$C,"No trobat",0) -> CCE00000 | H66: =_xlfn.XLOOKUP(G66,Conversio!$C:$C,Conversio!$D:$D,"No trobat",0) -> ADMINISTRACIO EMPRESA | I66: 360 | J66: =I66/60 -> 6 | K66: 18 | L66: =J66*K66 -> 108
A67: 46143 | B67: SERGIO MARTINEZ MOLEDO | C67: Orígens cuina, Cuiner/a Orígens | D67: =_xlfn.XLOOKUP(C67,Conversio!$B:$B,Conversio!$C:$C,"No trobat",0) -> CCR00001 | E67: =_xlfn.XLOOKUP(D67,Conversio!$C:$C,Conversio!$D:$D,"No trobat",0) -> RESTAURANT ORIGENS | F67: Cuina Càtering | G67: =_xlfn.XLOOKUP(F67,Conversio!$B:$B,Conversio!$C:$C,"No trobat",0) -> CCE00000 | H67: =_xlfn.XLOOKUP(G67,Conversio!$C:$C,Conversio!$D:$D,"No trobat",0) -> ADMINISTRACIO EMPRESA | I67: 720 | J67: =I67/60 -> 12 | K67: 18 | L67: =J67*K67 -> 216
A68: 46143 | B68: SOULAIMANE EL BOUZIDI JABBARI | C68: Events cuina central, Responsable events cuina central | D68: =_xlfn.XLOOKUP(C68,Conversio!$B:$B,Conversio!$C:$C,"No trobat",0) -> CCC00008 | E68: =_xlfn.XLOOKUP(D68,Conversio!$C:$C,Conversio!$D:$D,"No trobat",0) -> SERVEIS EXTERNS | F68: Cuina Càtering | G68: =_xlfn.XLOOKUP(F68,Conversio!$B:$B,Conversio!$C:$C,"No trobat",0) -> CCE00000 | H68: =_xlfn.XLOOKUP(G68,Conversio!$C:$C,Conversio!$D:$D,"No trobat",0) -> ADMINISTRACIO EMPRESA | I68: 1168 | J68: =I68/60 -> 19.466667 | K68: 18 | L68: =J68*K68 -> 350.4
A69: 46143 | B69: CHAYMAE BIBIH KAMROUCHI | C69: Orígens cuina, Cuiner/a Orígens | D69: =_xlfn.XLOOKUP(C69,Conversio!$B:$B,Conversio!$C:$C,"No trobat",0) -> CCR00001 | E69: =_xlfn.XLOOKUP(D69,Conversio!$C:$C,Conversio!$D:$D,"No trobat",0) -> RESTAURANT ORIGENS | F69: Cuina Central | G69: =_xlfn.XLOOKUP(F69,Conversio!$B:$B,Conversio!$C:$C,"No trobat",0) -> CCC00007 | H69: =_xlfn.XLOOKUP(G69,Conversio!$C:$C,Conversio!$D:$D,"No trobat",0) -> CUINA CENTRAL | I69: 7206 | J69: =I69/60 -> 120.1 | K69: 18 | L69: =J69*K69 -> 2161.8 | M69: =K69*L69 -> 38912.4
A70: 46143 | B70: CHRISTIAN OMAR ROJAS DE LA CRUZ | C70: Plural cuina, Greenvita cuina, Responsable cuina Plural | D70: =_xlfn.XLOOKUP(C70,Conversio!$B:$B,Conversio!$C:$C,"No trobat",0) -> CCR00009 | E70: =_xlfn.XLOOKUP(D70,Conversio!$C:$C,Conversio!$D:$D,"No trobat",0) -> RESTAURANT VALKIRIA | F70: Fira BCN | G70: =_xlfn.XLOOKUP(F70,Conversio!$B:$B,Conversio!$C:$C,"No trobat",0) -> CCR00011 | H70: =_xlfn.XLOOKUP(G70,Conversio!$C:$C,Conversio!$D:$D,"No trobat",0) -> GREEN VITA | I70: 5700 | J70: =I70/60 -> 95 | K70: 18 | L70: =J70*K70 -> 1710
A71: 46143 | B71: GERARDO ANTONIO PEREZ LOPEZ | C71: La Masia cuina, La Masia, Cuiner/a Masia | D71: =_xlfn.XLOOKUP(C71,Conversio!$B:$B,Conversio!$C:$C,"No trobat",0) -> CCR00003 | E71: =_xlfn.XLOOKUP(D71,Conversio!$C:$C,Conversio!$D:$D,"No trobat",0) -> RESTAURANT LA MASIA D'ESPLUGUES | F71: Fira BCN | G71: =_xlfn.XLOOKUP(F71,Conversio!$B:$B,Conversio!$C:$C,"No trobat",0) -> CCR00011 | H71: =_xlfn.XLOOKUP(G71,Conversio!$C:$C,Conversio!$D:$D,"No trobat",0) -> GREEN VITA | I71: 1440 | J71: =I71/60 -> 24 | K71: 18 | L71: =J71*K71 -> 432
A72: 46143 | B72: VICENTE ALBORNOZ | C72: Camp Nou cuina, Cuiner/a Camp Nou | D72: =_xlfn.XLOOKUP(C72,Conversio!$B:$B,Conversio!$C:$C,"No trobat",0) -> CCR00004 | E72: =_xlfn.XLOOKUP(D72,Conversio!$C:$C,Conversio!$D:$D,"No trobat",0) -> RESTAURANT CAMP NOU | F72: Fira BCN | G72: =_xlfn.XLOOKUP(F72,Conversio!$B:$B,Conversio!$C:$C,"No trobat",0) -> CCR00011 | H72: =_xlfn.XLOOKUP(G72,Conversio!$C:$C,Conversio!$D:$D,"No trobat",0) -> GREEN VITA | I72: 1500 | J72: =I72/60 -> 25 | K72: 18 | L72: =J72*K72 -> 450 | M72: =K72*L72 -> 8100
A73: 46143 | B73: HASSANA ABDALESS | C73: Mirador cuina, Cuiner/a Mirador | D73: =_xlfn.XLOOKUP(C73,Conversio!$B:$B,Conversio!$C:$C,"No trobat",0) -> CCR00006 | E73: =_xlfn.XLOOKUP(D73,Conversio!$C:$C,Conversio!$D:$D,"No trobat",0) -> RESTAURANT MIRADOR DE LES CAVES | F73: Font de la Canya | G73: =_xlfn.XLOOKUP(F73,Conversio!$B:$B,Conversio!$C:$C,"No trobat",0) -> CCR00008 | H73: =_xlfn.XLOOKUP(G73,Conversio!$C:$C,Conversio!$D:$D,"No trobat",0) -> RESTAURANT FONT DE LA CANYA | I73: 789 | J73: =I73/60 -> 13.15 | K73: 18 | L73: =J73*K73 -> 236.7
A74: 46143 | B74: MOHAMMED CHAATOUF BOUFTILA | C74: Font de la Canya cuina, Responsable cuina FDLC | D74: =_xlfn.XLOOKUP(C74,Conversio!$B:$B,Conversio!$C:$C,"No trobat",0) -> CCR00008 | E74: =_xlfn.XLOOKUP(D74,Conversio!$C:$C,Conversio!$D:$D,"No trobat",0) -> RESTAURANT FONT DE LA CANYA | F74: Font de la Canya | G74: =_xlfn.XLOOKUP(F74,Conversio!$B:$B,Conversio!$C:$C,"No trobat",0) -> CCR00008 | H74: =_xlfn.XLOOKUP(G74,Conversio!$C:$C,Conversio!$D:$D,"No trobat",0) -> RESTAURANT FONT DE LA CANYA | I74: 388 | J74: =I74/60 -> 6.4666667 | K74: 18 | L74: =J74*K74 -> 116.4 | M74: =K74*L74 -> 2095.2
A75: 46143 | B75: CYNTHIA OSARU | C75: Camp Nou cuina, Cuiner/a Camp Nou | D75: =_xlfn.XLOOKUP(C75,Conversio!$B:$B,Conversio!$C:$C,"No trobat",0) -> CCR00004 | E75: =_xlfn.XLOOKUP(D75,Conversio!$C:$C,Conversio!$D:$D,"No trobat",0) -> RESTAURANT CAMP NOU | F75: Juno | G75: =_xlfn.XLOOKUP(F75,Conversio!$B:$B,Conversio!$C:$C,"No trobat",0) -> CCR00007 | H75: =_xlfn.XLOOKUP(G75,Conversio!$C:$C,Conversio!$D:$D,"No trobat",0) -> RESTAURANT JUNO HOUSE | I75: 300 | J75: =I75/60 -> 5 | K75: 18 | L75: =J75*K75 -> 90
A76: 46143 | B76: PATRICIA PORTILLO TERENCIO | C76: Camp Nou sala, Cambrer/a Camp Nou | D76: =_xlfn.XLOOKUP(C76,Conversio!$B:$B,Conversio!$C:$C,"No trobat",0) -> CCR00004 | E76: =_xlfn.XLOOKUP(D76,Conversio!$C:$C,Conversio!$D:$D,"No trobat",0) -> RESTAURANT CAMP NOU | F76: Juno | G76: =_xlfn.XLOOKUP(F76,Conversio!$B:$B,Conversio!$C:$C,"No trobat",0) -> CCR00007 | H76: =_xlfn.XLOOKUP(G76,Conversio!$C:$C,Conversio!$D:$D,"No trobat",0) -> RESTAURANT JUNO HOUSE | I76: 565 | J76: =I76/60 -> 9.4166667 | K76: 18 | L76: =J76*K76 -> 169.5
A77: 46143 | B77: VICENTE ALBORNOZ | C77: Camp Nou cuina, Cuiner/a Camp Nou | D77: =_xlfn.XLOOKUP(C77,Conversio!$B:$B,Conversio!$C:$C,"No trobat",0) -> CCR00004 | E77: =_xlfn.XLOOKUP(D77,Conversio!$C:$C,Conversio!$D:$D,"No trobat",0) -> RESTAURANT CAMP NOU | F77: Juno | G77: =_xlfn.XLOOKUP(F77,Conversio!$B:$B,Conversio!$C:$C,"No trobat",0) -> CCR00007 | H77: =_xlfn.XLOOKUP(G77,Conversio!$C:$C,Conversio!$D:$D,"No trobat",0) -> RESTAURANT JUNO HOUSE | I77: 300 | J77: =I77/60 -> 5 | K77: 18 | L77: =J77*K77 -> 90 | M77: =K77*L77 -> 1620
A78: 46143 | B78: MELVIN ALBERTO SANCHEZ RODRIGUEZ | C78: Producció, Tècnic/a producció | D78: =_xlfn.XLOOKUP(C78,Conversio!$B:$B,Conversio!$C:$C,"No trobat",0) -> CCC00005 | E78: =_xlfn.XLOOKUP(D78,Conversio!$C:$C,Conversio!$D:$D,"No trobat",0) -> OFICINES CAL BLAY | F78: Logística | G78: =_xlfn.XLOOKUP(F78,Conversio!$B:$B,Conversio!$C:$C,"No trobat",0) -> CCC00004 | H78: =_xlfn.XLOOKUP(G78,Conversio!$C:$C,Conversio!$D:$D,"No trobat",0) -> LOGISTICA | I78: 851 | J78: =I78/60 -> 14.183333 | K78: 18 | L78: =J78*K78 -> 255.3 | M78: =K78*L78 -> 4595.4
A79: 46143 | B79: ARAYA SAEZ LIDON | C79: Plural sala, Cambrer/a Plural | D79: =_xlfn.XLOOKUP(C79,Conversio!$B:$B,Conversio!$C:$C,"No trobat",0) -> CCR00009 | E79: =_xlfn.XLOOKUP(D79,Conversio!$C:$C,Conversio!$D:$D,"No trobat",0) -> RESTAURANT VALKIRIA | F79: Masia | G79: =_xlfn.XLOOKUP(F79,Conversio!$B:$B,Conversio!$C:$C,"No trobat",0) -> CCR00003 | H79: =_xlfn.XLOOKUP(G79,Conversio!$C:$C,Conversio!$D:$D,"No trobat",0) -> RESTAURANT LA MASIA D'ESPLUGUES | I79: 1650 | J79: =I79/60 -> 27.5 | K79: 18 | L79: =J79*K79 -> 495
A80: 46143 | B80: CHRISTIAN OMAR ROJAS DE LA CRUZ | C80: Plural cuina, Greenvita cuina, Responsable cuina Plural | D80: =_xlfn.XLOOKUP(C80,Conversio!$B:$B,Conversio!$C:$C,"No trobat",0) -> CCR00009 | E80: =_xlfn.XLOOKUP(D80,Conversio!$C:$C,Conversio!$D:$D,"No trobat",0) -> RESTAURANT VALKIRIA | F80: Masia | G80: =_xlfn.XLOOKUP(F80,Conversio!$B:$B,Conversio!$C:$C,"No trobat",0) -> CCR00003 | H80: =_xlfn.XLOOKUP(G80,Conversio!$C:$C,Conversio!$D:$D,"No trobat",0) -> RESTAURANT LA MASIA D'ESPLUGUES | I80: 960 | J80: =I80/60 -> 16 | K80: 18 | L80: =J80*K80 -> 288
A81: 46143 | B81: ERIKA ALEJANDRA MERCHAN VALENCIA | C81: Camp Nou sala, Cambrer/a Camp Nou | D81: =_xlfn.XLOOKUP(C81,Conversio!$B:$B,Conversio!$C:$C,"No trobat",0) -> CCR00004 | E81: =_xlfn.XLOOKUP(D81,Conversio!$C:$C,Conversio!$D:$D,"No trobat",0) -> RESTAURANT CAMP NOU | F81: Masia | G81: =_xlfn.XLOOKUP(F81,Conversio!$B:$B,Conversio!$C:$C,"No trobat",0) -> CCR00003 | H81: =_xlfn.XLOOKUP(G81,Conversio!$C:$C,Conversio!$D:$D,"No trobat",0) -> RESTAURANT LA MASIA D'ESPLUGUES | I81: 810 | J81: =I81/60 -> 13.5 | K81: 18 | L81: =J81*K81 -> 243
A82: 46143 | B82: MARIA BEGOÑA PINILLOS ARAGAY | C82: Juno sala, Cambrer/a Juno, Juno House | D82: =_xlfn.XLOOKUP(C82,Conversio!$B:$B,Conversio!$C:$C,"No trobat",0) -> CCR00007 | E82: =_xlfn.XLOOKUP(D82,Conversio!$C:$C,Conversio!$D:$D,"No trobat",0) -> RESTAURANT JUNO HOUSE | F82: Masia | G82: =_xlfn.XLOOKUP(F82,Conversio!$B:$B,Conversio!$C:$C,"No trobat",0) -> CCR00003 | H82: =_xlfn.XLOOKUP(G82,Conversio!$C:$C,Conversio!$D:$D,"No trobat",0) -> RESTAURANT LA MASIA D'ESPLUGUES | I82: 808 | J82: =I82/60 -> 13.466667 | K82: 18 | L82: =J82*K82 -> 242.4
A83: 46143 | B83: MIRNA BEATRIZ TORRES ZAVALA | C83: Plural cuina, Cuiner/a Plural | D83: =_xlfn.XLOOKUP(C83,Conversio!$B:$B,Conversio!$C:$C,"No trobat",0) -> CCR00009 | E83: =_xlfn.XLOOKUP(D83,Conversio!$C:$C,Conversio!$D:$D,"No trobat",0) -> RESTAURANT VALKIRIA | F83: Masia | G83: =_xlfn.XLOOKUP(F83,Conversio!$B:$B,Conversio!$C:$C,"No trobat",0) -> CCR00003 | H83: =_xlfn.XLOOKUP(G83,Conversio!$C:$C,Conversio!$D:$D,"No trobat",0) -> RESTAURANT LA MASIA D'ESPLUGUES | I83: 1890 | J83: =I83/60 -> 31.5 | K83: 18 | L83: =J83*K83 -> 567
A84: 46143 | B84: SERGIO DELGADO ACOSTA | C84: Camp Nou cuina, Cuiner/a Camp Nou | D84: =_xlfn.XLOOKUP(C84,Conversio!$B:$B,Conversio!$C:$C,"No trobat",0) -> CCR00004 | E84: =_xlfn.XLOOKUP(D84,Conversio!$C:$C,Conversio!$D:$D,"No trobat",0) -> RESTAURANT CAMP NOU | F84: Masia | G84: =_xlfn.XLOOKUP(F84,Conversio!$B:$B,Conversio!$C:$C,"No trobat",0) -> CCR00003 | H84: =_xlfn.XLOOKUP(G84,Conversio!$C:$C,Conversio!$D:$D,"No trobat",0) -> RESTAURANT LA MASIA D'ESPLUGUES | I84: 360 | J84: =I84/60 -> 6 | K84: 18 | L84: =J84*K84 -> 108 | M84: =K84*L84 -> 1944
A85: 46143 | B85: AISSA RABBOUH | C85: Mirador cuina, Cuiner/a Mirador | D85: =_xlfn.XLOOKUP(C85,Conversio!$B:$B,Conversio!$C:$C,"No trobat",0) -> CCR00006 | E85: =_xlfn.XLOOKUP(D85,Conversio!$C:$C,Conversio!$D:$D,"No trobat",0) -> RESTAURANT MIRADOR DE LES CAVES | F85: Mirador | G85: =_xlfn.XLOOKUP(F85,Conversio!$B:$B,Conversio!$C:$C,"No trobat",0) -> CCR00006 | H85: =_xlfn.XLOOKUP(G85,Conversio!$C:$C,Conversio!$D:$D,"No trobat",0) -> RESTAURANT MIRADOR DE LES CAVES | I85: 472 | J85: =I85/60 -> 7.8666667 | K85: 18 | L85: =J85*K85 -> 141.6
A86: 46143 | B86: ISABEL FLO ESTEVE | C86: Sala restaurants, Restauració sala | D86: =_xlfn.XLOOKUP(C86,Conversio!$B:$B,Conversio!$C:$C,"No trobat",0) -> CCR00000 | E86: =_xlfn.XLOOKUP(D86,Conversio!$C:$C,Conversio!$D:$D,"No trobat",0) -> ADMINISTRACIO RESTAURANTS | F86: Mirador | G86: =_xlfn.XLOOKUP(F86,Conversio!$B:$B,Conversio!$C:$C,"No trobat",0) -> CCR00006 | H86: =_xlfn.XLOOKUP(G86,Conversio!$C:$C,Conversio!$D:$D,"No trobat",0) -> RESTAURANT MIRADOR DE LES CAVES | I86: 1042 | J86: =I86/60 -> 17.366667 | K86: 18 | L86: =J86*K86 -> 312.6
A87: 46143 | B87: NORA ARANDA ROSELL | C87: Mirador sala, Cambrer/a Mirador | D87: =_xlfn.XLOOKUP(C87,Conversio!$B:$B,Conversio!$C:$C,"No trobat",0) -> CCR00006 | E87: =_xlfn.XLOOKUP(D87,Conversio!$C:$C,Conversio!$D:$D,"No trobat",0) -> RESTAURANT MIRADOR DE LES CAVES | F87: Mirador | G87: =_xlfn.XLOOKUP(F87,Conversio!$B:$B,Conversio!$C:$C,"No trobat",0) -> CCR00006 | H87: =_xlfn.XLOOKUP(G87,Conversio!$C:$C,Conversio!$D:$D,"No trobat",0) -> RESTAURANT MIRADOR DE LES CAVES | I87: 2488 | J87: =I87/60 -> 41.466667 | K87: 18 | L87: =J87*K87 -> 746.4
A88: 46143 | B88: ROGER FERNANDEZ GUXENS | C88: Comercials grups, Comercial grups restauració | D88: =_xlfn.XLOOKUP(C88,Conversio!$B:$B,Conversio!$C:$C,"No trobat",0) -> CCR00000 | E88: =_xlfn.XLOOKUP(D88,Conversio!$C:$C,Conversio!$D:$D,"No trobat",0) -> ADMINISTRACIO RESTAURANTS | F88: Mirador | G88: =_xlfn.XLOOKUP(F88,Conversio!$B:$B,Conversio!$C:$C,"No trobat",0) -> CCR00006 | H88: =_xlfn.XLOOKUP(G88,Conversio!$C:$C,Conversio!$D:$D,"No trobat",0) -> RESTAURANT MIRADOR DE LES CAVES | I88: 375 | J88: =I88/60 -> 6.25 | K88: 18 | L88: =J88*K88 -> 112.5
A89: 46143 | B89: ROGER GISBERT JUVE | C89: Mirador sala, Cambrer/a Mirador | D89: =_xlfn.XLOOKUP(C89,Conversio!$B:$B,Conversio!$C:$C,"No trobat",0) -> CCR00006 | E89: =_xlfn.XLOOKUP(D89,Conversio!$C:$C,Conversio!$D:$D,"No trobat",0) -> RESTAURANT MIRADOR DE LES CAVES | F89: Mirador | G89: =_xlfn.XLOOKUP(F89,Conversio!$B:$B,Conversio!$C:$C,"No trobat",0) -> CCR00006 | H89: =_xlfn.XLOOKUP(G89,Conversio!$C:$C,Conversio!$D:$D,"No trobat",0) -> RESTAURANT MIRADOR DE LES CAVES | I89: 2852 | J89: =I89/60 -> 47.533333 | K89: 18 | L89: =J89*K89 -> 855.6
A90: 46143 | B90: AISSA RABBOUH | C90: Mirador cuina, Cuiner/a Mirador | D90: =_xlfn.XLOOKUP(C90,Conversio!$B:$B,Conversio!$C:$C,"No trobat",0) -> CCR00006 | E90: =_xlfn.XLOOKUP(D90,Conversio!$C:$C,Conversio!$D:$D,"No trobat",0) -> RESTAURANT MIRADOR DE LES CAVES | F90: Nàutic | G90: =_xlfn.XLOOKUP(F90,Conversio!$B:$B,Conversio!$C:$C,"No trobat",0) -> CCR00002 | H90: =_xlfn.XLOOKUP(G90,Conversio!$C:$C,Conversio!$D:$D,"No trobat",0) -> RESTAURANT NAUTIC | I90: 1578 | J90: =I90/60 -> 26.3 | K90: 18 | L90: =J90*K90 -> 473.4 | M90: =K90*L90 -> 8521.2
A91: 46143 | B91: ISABEL FLO ESTEVE | C91: Sala restaurants, Restauració sala | D91: =_xlfn.XLOOKUP(C91,Conversio!$B:$B,Conversio!$C:$C,"No trobat",0) -> CCR00000 | E91: =_xlfn.XLOOKUP(D91,Conversio!$C:$C,Conversio!$D:$D,"No trobat",0) -> ADMINISTRACIO RESTAURANTS | F91: Nàutic | G91: =_xlfn.XLOOKUP(F91,Conversio!$B:$B,Conversio!$C:$C,"No trobat",0) -> CCR00002 | H91: =_xlfn.XLOOKUP(G91,Conversio!$C:$C,Conversio!$D:$D,"No trobat",0) -> RESTAURANT NAUTIC | I91: 953 | J91: =I91/60 -> 15.883333 | K91: 18 | L91: =J91*K91 -> 285.9
A92: 46143 | B92: MARIA ISABEL GONZALEZ FERNANDEZ | C92: Mirador sala, Cambrer/a Mirador | D92: =_xlfn.XLOOKUP(C92,Conversio!$B:$B,Conversio!$C:$C,"No trobat",0) -> CCR00006 | E92: =_xlfn.XLOOKUP(D92,Conversio!$C:$C,Conversio!$D:$D,"No trobat",0) -> RESTAURANT MIRADOR DE LES CAVES | F92: Nàutic | G92: =_xlfn.XLOOKUP(F92,Conversio!$B:$B,Conversio!$C:$C,"No trobat",0) -> CCR00002 | H92: =_xlfn.XLOOKUP(G92,Conversio!$C:$C,Conversio!$D:$D,"No trobat",0) -> RESTAURANT NAUTIC | I92: 632 | J92: =I92/60 -> 10.533333 | K92: 18 | L92: =J92*K92 -> 189.6
A93: 46143 | B93: MOHAMMED CHAATOUF BOUFTILA | C93: Font de la Canya cuina, Responsable cuina FDLC | D93: =_xlfn.XLOOKUP(C93,Conversio!$B:$B,Conversio!$C:$C,"No trobat",0) -> CCR00008 | E93: =_xlfn.XLOOKUP(D93,Conversio!$C:$C,Conversio!$D:$D,"No trobat",0) -> RESTAURANT FONT DE LA CANYA | F93: Nàutic | G93: =_xlfn.XLOOKUP(F93,Conversio!$B:$B,Conversio!$C:$C,"No trobat",0) -> CCR00002 | H93: =_xlfn.XLOOKUP(G93,Conversio!$C:$C,Conversio!$D:$D,"No trobat",0) -> RESTAURANT NAUTIC | I93: 1971 | J93: =I93/60 -> 32.85 | K93: 18 | L93: =J93*K93 -> 591.3 | M93: =K93*L93 -> 10643.4
A94: 46143 | B94: CHAYMAE BIBIH KAMROUCHI | C94: Orígens cuina, Cuiner/a Orígens | D94: =_xlfn.XLOOKUP(C94,Conversio!$B:$B,Conversio!$C:$C,"No trobat",0) -> CCR00001 | E94: =_xlfn.XLOOKUP(D94,Conversio!$C:$C,Conversio!$D:$D,"No trobat",0) -> RESTAURANT ORIGENS | F94: Orígens | G94: =_xlfn.XLOOKUP(F94,Conversio!$B:$B,Conversio!$C:$C,"No trobat",0) -> CCR00001 | H94: =_xlfn.XLOOKUP(G94,Conversio!$C:$C,Conversio!$D:$D,"No trobat",0) -> RESTAURANT ORIGENS | I94: 494 | J94: =I94/60 -> 8.2333333 | K94: 18 | L94: =J94*K94 -> 148.2
A95: 46143 | B95: EDGAR MARIN JIMENEZ | C95: Orígens sala, Cambrer/a Orígens | D95: =_xlfn.XLOOKUP(C95,Conversio!$B:$B,Conversio!$C:$C,"No trobat",0) -> CCR00001 | E95: =_xlfn.XLOOKUP(D95,Conversio!$C:$C,Conversio!$D:$D,"No trobat",0) -> RESTAURANT ORIGENS | F95: Orígens | G95: =_xlfn.XLOOKUP(F95,Conversio!$B:$B,Conversio!$C:$C,"No trobat",0) -> CCR00001 | H95: =_xlfn.XLOOKUP(G95,Conversio!$C:$C,Conversio!$D:$D,"No trobat",0) -> RESTAURANT ORIGENS | I95: 10353 | J95: =I95/60 -> 172.55 | K95: 18 | L95: =J95*K95 -> 3105.9
A96: 46143 | B96: ISABEL FLO ESTEVE | C96: Sala restaurants, Restauració sala | D96: =_xlfn.XLOOKUP(C96,Conversio!$B:$B,Conversio!$C:$C,"No trobat",0) -> CCR00000 | E96: =_xlfn.XLOOKUP(D96,Conversio!$C:$C,Conversio!$D:$D,"No trobat",0) -> ADMINISTRACIO RESTAURANTS | F96: Orígens | G96: =_xlfn.XLOOKUP(F96,Conversio!$B:$B,Conversio!$C:$C,"No trobat",0) -> CCR00001 | H96: =_xlfn.XLOOKUP(G96,Conversio!$C:$C,Conversio!$D:$D,"No trobat",0) -> RESTAURANT ORIGENS | I96: 2400 | J96: =I96/60 -> 40 | K96: 18 | L96: =J96*K96 -> 720
A97: 46143 | B97: GERARDO ANTONIO PEREZ LOPEZ | C97: La Masia cuina, La Masia, Cuiner/a Masia | D97: =_xlfn.XLOOKUP(C97,Conversio!$B:$B,Conversio!$C:$C,"No trobat",0) -> CCR00003 | E97: =_xlfn.XLOOKUP(D97,Conversio!$C:$C,Conversio!$D:$D,"No trobat",0) -> RESTAURANT LA MASIA D'ESPLUGUES | F97: Plural | G97: =_xlfn.XLOOKUP(F97,Conversio!$B:$B,Conversio!$C:$C,"No trobat",0) -> CCR00009 | H97: =_xlfn.XLOOKUP(G97,Conversio!$C:$C,Conversio!$D:$D,"No trobat",0) -> RESTAURANT VALKIRIA | I97: 1185 | J97: =I97/60 -> 19.75 | K97: 18 | L97: =J97*K97 -> 355.5 | M97: =K97*L97 -> 6399
A98: 46143 | B98: ISABEL FLO ESTEVE | C98: Sala restaurants, Restauració sala | D98: =_xlfn.XLOOKUP(C98,Conversio!$B:$B,Conversio!$C:$C,"No trobat",0) -> CCR00000 | E98: =_xlfn.XLOOKUP(D98,Conversio!$C:$C,Conversio!$D:$D,"No trobat",0) -> ADMINISTRACIO RESTAURANTS | F98: Soliver | G98: =_xlfn.XLOOKUP(F98,Conversio!$B:$B,Conversio!$C:$C,"No trobat",0) -> CCR00010 | H98: =_xlfn.XLOOKUP(G98,Conversio!$C:$C,Conversio!$D:$D,"No trobat",0) -> RESTAURANT SOLIVER | I98: 1919 | J98: =I98/60 -> 31.983333 | K98: 18 | L98: =J98*K98 -> 575.7
A99: 46143 | B99: NADIA MANKO | C99: Soliver cuina, Cuiner/a Soliver | D99: =_xlfn.XLOOKUP(C99,Conversio!$B:$B,Conversio!$C:$C,"No trobat",0) -> CCR00010 | E99: =_xlfn.XLOOKUP(D99,Conversio!$C:$C,Conversio!$D:$D,"No trobat",0) -> RESTAURANT SOLIVER | F99: Soliver | G99: =_xlfn.XLOOKUP(F99,Conversio!$B:$B,Conversio!$C:$C,"No trobat",0) -> CCR00010 | H99: =_xlfn.XLOOKUP(G99,Conversio!$C:$C,Conversio!$D:$D,"No trobat",0) -> RESTAURANT SOLIVER | I99: 65 | J99: =I99/60 -> 1.0833333 | K99: 18 | L99: =J99*K99 -> 19.5
A100: 46143 | B100: TAMARA GALA COSTA MATEOS | C100: Soliver sala, Responsable sala Soliver | D100: =_xlfn.XLOOKUP(C100,Conversio!$B:$B,Conversio!$C:$C,"No trobat",0) -> CCR00010 | E100: =_xlfn.XLOOKUP(D100,Conversio!$C:$C,Conversio!$D:$D,"No trobat",0) -> RESTAURANT SOLIVER | F100: Soliver | G100: =_xlfn.XLOOKUP(F100,Conversio!$B:$B,Conversio!$C:$C,"No trobat",0) -> CCR00010 | H100: =_xlfn.XLOOKUP(G100,Conversio!$C:$C,Conversio!$D:$D,"No trobat",0) -> RESTAURANT SOLIVER | I100: 433 | J100: =I100/60 -> 7.2166667 | K100: 18 | L100: =J100*K100 -> 129.9 | M100: =K100*L100 -> 2338.2
A101: 46143 | B101: FATIMA ZAHRA RAISSI | C101: Tarraco cuina, Cuiner/a Tarraco | D101: =_xlfn.XLOOKUP(C101,Conversio!$B:$B,Conversio!$C:$C,"No trobat",0) -> CCR00005 | E101: =_xlfn.XLOOKUP(D101,Conversio!$C:$C,Conversio!$D:$D,"No trobat",0) -> RESTAURANT TARRACO | F101: Tarraco | G101: =_xlfn.XLOOKUP(F101,Conversio!$B:$B,Conversio!$C:$C,"No trobat",0) -> CCR00005 | H101: =_xlfn.XLOOKUP(G101,Conversio!$C:$C,Conversio!$D:$D,"No trobat",0) -> RESTAURANT TARRACO | I101: 5076 | J101: =I101/60 -> 84.6 | K101: 18 | L101: =J101*K101 -> 1522.8
A102: 46143 | B102: JUAN MARTIN GOMEZ VASQUEZ | C102: Tarraco cuina, Responsable cuina Tarraco | D102: =_xlfn.XLOOKUP(C102,Conversio!$B:$B,Conversio!$C:$C,"No trobat",0) -> CCR00005 | E102: =_xlfn.XLOOKUP(D102,Conversio!$C:$C,Conversio!$D:$D,"No trobat",0) -> RESTAURANT TARRACO | F102: Tarraco | G102: =_xlfn.XLOOKUP(F102,Conversio!$B:$B,Conversio!$C:$C,"No trobat",0) -> CCR00005 | H102: =_xlfn.XLOOKUP(G102,Conversio!$C:$C,Conversio!$D:$D,"No trobat",0) -> RESTAURANT TARRACO | I102: 6173 | J102: =I102/60 -> 102.88333 | K102: 18 | L102: =J102*K102 -> 1851.9
A103: 46143 | B103: SERGIO MARTINEZ SEPULVEDA | C103: Tarraco sala, Cambrer/a Tarraco | D103: =_xlfn.XLOOKUP(C103,Conversio!$B:$B,Conversio!$C:$C,"No trobat",0) -> CCR00005 | E103: =_xlfn.XLOOKUP(D103,Conversio!$C:$C,Conversio!$D:$D,"No trobat",0) -> RESTAURANT TARRACO | F103: Tarraco | G103: =_xlfn.XLOOKUP(F103,Conversio!$B:$B,Conversio!$C:$C,"No trobat",0) -> CCR00005 | H103: =_xlfn.XLOOKUP(G103,Conversio!$C:$C,Conversio!$D:$D,"No trobat",0) -> RESTAURANT TARRACO | I103: 9279 | J103: =I103/60 -> 154.65 | K103: 18 | L103: =J103*K103 -> 2783.7
A104: 46143 | B104: YASSINE CHARA | C104: Tarraco sala, Responsable sala Tarraco | D104: =_xlfn.XLOOKUP(C104,Conversio!$B:$B,Conversio!$C:$C,"No trobat",0) -> CCR00005 | E104: =_xlfn.XLOOKUP(D104,Conversio!$C:$C,Conversio!$D:$D,"No trobat",0) -> RESTAURANT TARRACO | F104: Tarraco | G104: =_xlfn.XLOOKUP(F104,Conversio!$B:$B,Conversio!$C:$C,"No trobat",0) -> CCR00005 | H104: =_xlfn.XLOOKUP(G104,Conversio!$C:$C,Conversio!$D:$D,"No trobat",0) -> RESTAURANT TARRACO | I104: 8132 | J104: =I104/60 -> 135.53333 | K104: 18 | L104: =J104*K104 -> 2439.6
A105: 46143 | B105: EVA CAMPOY AVILÉS | C105: Compres, Administrativa compres | D105: =_xlfn.XLOOKUP(C105,Conversio!$B:$B,Conversio!$C:$C,"No trobat",0) -> CCC00005 | E105: =_xlfn.XLOOKUP(D105,Conversio!$C:$C,Conversio!$D:$D,"No trobat",0) -> OFICINES CAL BLAY | F105: Tarraco Festivals | G105: =_xlfn.XLOOKUP(F105,Conversio!$B:$B,Conversio!$C:$C,"No trobat",0) -> CCF00002 | H105: =_xlfn.XLOOKUP(G105,Conversio!$C:$C,Conversio!$D:$D,"No trobat",0) -> FESTIVAL TARRACO | I105: 945 | J105: =I105/60 -> 15.75 | K105: 18 | L105: =J105*K105 -> 283.5
A106: 46143 | B106: ESTHER ANDRES BUSTOS | C106: Foodlovers, Administrativa foodlovers | D106: =_xlfn.XLOOKUP(C106,Conversio!$B:$B,Conversio!$C:$C,"No trobat",0) -> CCF00001 | E106: =_xlfn.XLOOKUP(D106,Conversio!$C:$C,Conversio!$D:$D,"No trobat",0) -> FIRES I FESTIVALS | F106: Tarraco Festivals | G106: =_xlfn.XLOOKUP(F106,Conversio!$B:$B,Conversio!$C:$C,"No trobat",0) -> CCF00002 | H106: =_xlfn.XLOOKUP(G106,Conversio!$C:$C,Conversio!$D:$D,"No trobat",0) -> FESTIVAL TARRACO | I106: 945 | J106: =I106/60 -> 15.75 | K106: 18 | L106: =J106*K106 -> 283.5
A107: 46143 | B107: YASSINE CHARA | C107: Tarraco sala, Responsable sala Tarraco | D107: =_xlfn.XLOOKUP(C107,Conversio!$B:$B,Conversio!$C:$C,"No trobat",0) -> CCR00005 | E107: =_xlfn.XLOOKUP(D107,Conversio!$C:$C,Conversio!$D:$D,"No trobat",0) -> RESTAURANT TARRACO | F107: Tarraco Festivals | G107: =_xlfn.XLOOKUP(F107,Conversio!$B:$B,Conversio!$C:$C,"No trobat",0) -> CCF00002 | H107: =_xlfn.XLOOKUP(G107,Conversio!$C:$C,Conversio!$D:$D,"No trobat",0) -> FESTIVAL TARRACO | I107: 252 | J107: =I107/60 -> 4.2 | K107: 18 | L107: =J107*K107 -> 75.6 | M107: =K107*L107 -> 1360.8
A108: 46023 | B108: AIDA JACKELINE PUCHA LAIÑO | C108: Recepció cuina central, Recepció cuina central | D108: =_xlfn.XLOOKUP(C108,Conversio!$B:$B,Conversio!$C:$C,"No trobat",0) -> CCC00007 | E108: =_xlfn.XLOOKUP(D108,Conversio!$C:$C,Conversio!$D:$D,"No trobat",0) -> CUINA CENTRAL | F108: Càtering | G108: =_xlfn.XLOOKUP(F108,Conversio!$B:$B,Conversio!$C:$C,"No trobat",0) -> CCE00000 | H108: =_xlfn.XLOOKUP(G108,Conversio!$C:$C,Conversio!$D:$D,"No trobat",0) -> ADMINISTRACIO EMPRESA | I108: 2154 | J108: =I108/60 -> 35.9 | K108: 18 | L108: =J108*K108 -> 646.2
A109: 46023 | B109: ANDREA MARGARITA AMPOSTA MERO | C109: Events cuina central, Events cuina central | D109: =_xlfn.XLOOKUP(C109,Conversio!$B:$B,Conversio!$C:$C,"No trobat",0) -> CCC00007 | E109: =_xlfn.XLOOKUP(D109,Conversio!$C:$C,Conversio!$D:$D,"No trobat",0) -> CUINA CENTRAL | F109: Càtering | G109: =_xlfn.XLOOKUP(F109,Conversio!$B:$B,Conversio!$C:$C,"No trobat",0) -> CCE00000 | H109: =_xlfn.XLOOKUP(G109,Conversio!$C:$C,Conversio!$D:$D,"No trobat",0) -> ADMINISTRACIO EMPRESA | I109: 1275 | J109: =I109/60 -> 21.25 | K109: 18 | L109: =J109*K109 -> 382.5
A110: 46023 | B110: ANTONIO JOSE PEREZ MARIN | C110: Sortides càtering, Sortides càtering | D110: =_xlfn.XLOOKUP(C110,Conversio!$B:$B,Conversio!$C:$C,"No trobat",0) -> CCC00007 | E110: =_xlfn.XLOOKUP(D110,Conversio!$C:$C,Conversio!$D:$D,"No trobat",0) -> CUINA CENTRAL | F110: Càtering | G110: =_xlfn.XLOOKUP(F110,Conversio!$B:$B,Conversio!$C:$C,"No trobat",0) -> CCE00000 | H110: =_xlfn.XLOOKUP(G110,Conversio!$C:$C,Conversio!$D:$D,"No trobat",0) -> ADMINISTRACIO EMPRESA | I110: 9601 | J110: =I110/60 -> 160.01667 | K110: 18 | L110: =J110*K110 -> 2880.3
A111: 46023 | B111: AURELIO MONGE CANO | C111: Events cuina central, Events cuina central | D111: =_xlfn.XLOOKUP(C111,Conversio!$B:$B,Conversio!$C:$C,"No trobat",0) -> CCC00007 | E111: =_xlfn.XLOOKUP(D111,Conversio!$C:$C,Conversio!$D:$D,"No trobat",0) -> CUINA CENTRAL | F111: Càtering | G111: =_xlfn.XLOOKUP(F111,Conversio!$B:$B,Conversio!$C:$C,"No trobat",0) -> CCE00000 | H111: =_xlfn.XLOOKUP(G111,Conversio!$C:$C,Conversio!$D:$D,"No trobat",0) -> ADMINISTRACIO EMPRESA | I111: 450 | J111: =I111/60 -> 7.5 | K111: 18 | L111: =J111*K111 -> 135
A112: 46023 | B112: AXEL JOVER TRUJILLO | C112: Sortides càtering, Sortides càtering | D112: =_xlfn.XLOOKUP(C112,Conversio!$B:$B,Conversio!$C:$C,"No trobat",0) -> CCC00007 | E112: =_xlfn.XLOOKUP(D112,Conversio!$C:$C,Conversio!$D:$D,"No trobat",0) -> CUINA CENTRAL | F112: Càtering | G112: =_xlfn.XLOOKUP(F112,Conversio!$B:$B,Conversio!$C:$C,"No trobat",0) -> CCE00000 | H112: =_xlfn.XLOOKUP(G112,Conversio!$C:$C,Conversio!$D:$D,"No trobat",0) -> ADMINISTRACIO EMPRESA | I112: 5616 | J112: =I112/60 -> 93.6 | K112: 18 | L112: =J112*K112 -> 1684.8
A113: 46023 | B113: CARLOS PIEDRA LARA | C113: Events cuina central, Events cuina central | D113: =_xlfn.XLOOKUP(C113,Conversio!$B:$B,Conversio!$C:$C,"No trobat",0) -> CCC00007 | E113: =_xlfn.XLOOKUP(D113,Conversio!$C:$C,Conversio!$D:$D,"No trobat",0) -> CUINA CENTRAL | F113: Càtering | G113: =_xlfn.XLOOKUP(F113,Conversio!$B:$B,Conversio!$C:$C,"No trobat",0) -> CCE00000 | H113: =_xlfn.XLOOKUP(G113,Conversio!$C:$C,Conversio!$D:$D,"No trobat",0) -> ADMINISTRACIO EMPRESA | I113: 554 | J113: =I113/60 -> 9.2333333 | K113: 18 | L113: =J113*K113 -> 166.2
A114: 46023 | B114: EDUARD GARZON PRIETO | C114: Sortides càtering, Sortides càtering | D114: =_xlfn.XLOOKUP(C114,Conversio!$B:$B,Conversio!$C:$C,"No trobat",0) -> CCC00007 | E114: =_xlfn.XLOOKUP(D114,Conversio!$C:$C,Conversio!$D:$D,"No trobat",0) -> CUINA CENTRAL | F114: Càtering | G114: =_xlfn.XLOOKUP(F114,Conversio!$B:$B,Conversio!$C:$C,"No trobat",0) -> CCE00000 | H114: =_xlfn.XLOOKUP(G114,Conversio!$C:$C,Conversio!$D:$D,"No trobat",0) -> ADMINISTRACIO EMPRESA | I114: 4712 | J114: =I114/60 -> 78.533333 | K114: 18 | L114: =J114*K114 -> 1413.6
A115: 46023 | B115: EVA MARIA SANCHEZ RODRIGUEZ | C115: Events cuina central, Events cuina central | D115: =_xlfn.XLOOKUP(C115,Conversio!$B:$B,Conversio!$C:$C,"No trobat",0) -> CCC00007 | E115: =_xlfn.XLOOKUP(D115,Conversio!$C:$C,Conversio!$D:$D,"No trobat",0) -> CUINA CENTRAL | F115: Càtering | G115: =_xlfn.XLOOKUP(F115,Conversio!$B:$B,Conversio!$C:$C,"No trobat",0) -> CCE00000 | H115: =_xlfn.XLOOKUP(G115,Conversio!$C:$C,Conversio!$D:$D,"No trobat",0) -> ADMINISTRACIO EMPRESA | I115: 2930 | J115: =I115/60 -> 48.833333 | K115: 18 | L115: =J115*K115 -> 879
A116: 46023 | B116: EVER MATIAS MONZON CUBILLA | C116: Sortides càtering, Sortides càtering | D116: =_xlfn.XLOOKUP(C116,Conversio!$B:$B,Conversio!$C:$C,"No trobat",0) -> CCC00007 | E116: =_xlfn.XLOOKUP(D116,Conversio!$C:$C,Conversio!$D:$D,"No trobat",0) -> CUINA CENTRAL | F116: Càtering | G116: =_xlfn.XLOOKUP(F116,Conversio!$B:$B,Conversio!$C:$C,"No trobat",0) -> CCE00000 | H116: =_xlfn.XLOOKUP(G116,Conversio!$C:$C,Conversio!$D:$D,"No trobat",0) -> ADMINISTRACIO EMPRESA | I116: 5166 | J116: =I116/60 -> 86.1 | K116: 18 | L116: =J116*K116 -> 1549.8
A117: 46023 | B117: FRANCESC BENAIGES ORTEGA | C117: Sortides càtering, Sortides càtering | D117: =_xlfn.XLOOKUP(C117,Conversio!$B:$B,Conversio!$C:$C,"No trobat",0) -> CCC00007 | E117: =_xlfn.XLOOKUP(D117,Conversio!$C:$C,Conversio!$D:$D,"No trobat",0) -> CUINA CENTRAL | F117: Càtering | G117: =_xlfn.XLOOKUP(F117,Conversio!$B:$B,Conversio!$C:$C,"No trobat",0) -> CCE00000 | H117: =_xlfn.XLOOKUP(G117,Conversio!$C:$C,Conversio!$D:$D,"No trobat",0) -> ADMINISTRACIO EMPRESA | I117: 4226 | J117: =I117/60 -> 70.433333 | K117: 18 | L117: =J117*K117 -> 1267.8
A118: 46023 | B118: IBTISSAM BIBIH KAMROUCHI | C118: Events cuina central, Events cuina central | D118: =_xlfn.XLOOKUP(C118,Conversio!$B:$B,Conversio!$C:$C,"No trobat",0) -> CCC00007 | E118: =_xlfn.XLOOKUP(D118,Conversio!$C:$C,Conversio!$D:$D,"No trobat",0) -> CUINA CENTRAL | F118: Càtering | G118: =_xlfn.XLOOKUP(F118,Conversio!$B:$B,Conversio!$C:$C,"No trobat",0) -> CCE00000 | H118: =_xlfn.XLOOKUP(G118,Conversio!$C:$C,Conversio!$D:$D,"No trobat",0) -> ADMINISTRACIO EMPRESA | I118: 994 | J118: =I118/60 -> 16.566667 | K118: 18 | L118: =J118*K118 -> 298.2
A119: 46023 | B119: IMEDA LATSABIDZE SHEKILADZE | C119: Sortides càtering, Sortides càtering | D119: =_xlfn.XLOOKUP(C119,Conversio!$B:$B,Conversio!$C:$C,"No trobat",0) -> CCC00007 | E119: =_xlfn.XLOOKUP(D119,Conversio!$C:$C,Conversio!$D:$D,"No trobat",0) -> CUINA CENTRAL | F119: Càtering | G119: =_xlfn.XLOOKUP(F119,Conversio!$B:$B,Conversio!$C:$C,"No trobat",0) -> CCE00000 | H119: =_xlfn.XLOOKUP(G119,Conversio!$C:$C,Conversio!$D:$D,"No trobat",0) -> ADMINISTRACIO EMPRESA | I119: 2606 | J119: =I119/60 -> 43.433333 | K119: 18 | L119: =J119*K119 -> 781.8
... A167: 46054 | B167: NEUS JUVÉ MARTINEZ | C167: Events cuina central, Events cuina central | D167: =_xlfn.XLOOKUP(C167,Conversio!$B:$B,Conversio!$C:$C,"No trobat",0) -> CCC00007 | E167: =_xlfn.XLOOKUP(D167,Conversio!$C:$C,Conversio!$D:$D,"No trobat",0) -> CUINA CENTRAL | F167: Càtering | G167: =_xlfn.XLOOKUP(F167,Conversio!$B:$B,Conversio!$C:$C,"No trobat",0) -> CCE00000 | H167: =_xlfn.XLOOKUP(G167,Conversio!$C:$C,Conversio!$D:$D,"No trobat",0) -> ADMINISTRACIO EMPRESA | I167: 1935 | J167: =I167/60 -> 32.25 | K167: 18 | L167: =J167*K167 -> 580.5
A168: 46054 | B168: RACHID BAKALI ALLOUCHI | C168: Events cuina central, Events cuina central | D168: =_xlfn.XLOOKUP(C168,Conversio!$B:$B,Conversio!$C:$C,"No trobat",0) -> CCC00007 | E168: =_xlfn.XLOOKUP(D:D,Conversio!C:C,Conversio!D:D,"No trobat") -> CUINA CENTRAL | F168: Càtering | G168: =_xlfn.XLOOKUP(F168,Conversio!$B:$B,Conversio!$C:$C,"No trobat",0) -> CCE00000 | H168: =_xlfn.XLOOKUP(G168,Conversio!$C:$C,Conversio!$D:$D,"No trobat",0) -> ADMINISTRACIO EMPRESA | I168: 585 | J168: =I168/60 -> 9.75 | K168: 18 | L168: =J168*K168 -> 175.5
A169: 46054 | B169: SOULAIMANE EL BOUZIDI JABBARI | C169: Events cuina central, Responsable events cuina central | D169: =_xlfn.XLOOKUP(C169,Conversio!$B:$B,Conversio!$C:$C,"No trobat",0) -> CCC00008 | E169: =_xlfn.XLOOKUP(D:D,Conversio!C:C,Conversio!D:D,"No trobat") -> SERVEIS EXTERNS | F169: Càtering | G169: =_xlfn.XLOOKUP(F169,Conversio!$B:$B,Conversio!$C:$C,"No trobat",0) -> CCE00000 | H169: =_xlfn.XLOOKUP(G169,Conversio!$C:$C,Conversio!$D:$D,"No trobat",0) -> ADMINISTRACIO EMPRESA | I169: 966 | J169: =I169/60 -> 16.1 | K169: 18 | L169: =J169*K169 -> 289.8
A170: 46054 | B170: VICENTE ALBORNOZ | C170: Camp Nou cuina, Cuiner/a Camp Nou | D170: =_xlfn.XLOOKUP(C170,Conversio!$B:$B,Conversio!$C:$C,"No trobat",0) -> CCR00004 | E170: =_xlfn.XLOOKUP(D:D,Conversio!C:C,Conversio!D:D,"No trobat") -> RESTAURANT CAMP NOU | F170: Càtering | G170: =_xlfn.XLOOKUP(F170,Conversio!$B:$B,Conversio!$C:$C,"No trobat",0) -> CCE00000 | H170: =_xlfn.XLOOKUP(G170,Conversio!$C:$C,Conversio!$D:$D,"No trobat",0) -> ADMINISTRACIO EMPRESA | I170: 1110 | J170: =I170/60 -> 18.5 | K170: 18 | L170: =J170*K170 -> 333
A171: 46054 | B171: ZOHRA BOUZRIBA | C171: Neteja cuina central, Neteja cuina central | D171: =_xlfn.XLOOKUP(C171,Conversio!$B:$B,Conversio!$C:$C,"No trobat",0) -> No trobat | E171: =_xlfn.XLOOKUP(D:D,Conversio!C:C,Conversio!D:D,"No trobat") -> No trobat | F171: Càtering | G171: =_xlfn.XLOOKUP(F171,Conversio!$B:$B,Conversio!$C:$C,"No trobat",0) -> CCE00000 | H171: =_xlfn.XLOOKUP(G171,Conversio!$C:$C,Conversio!$D:$D,"No trobat",0) -> ADMINISTRACIO EMPRESA | I171: 570 | J171: =I171/60 -> 9.5 | K171: 18 | L171: =J171*K171 -> 171
A172: 46054 | B172: JULIA GRANADOS ALCARAZ | C172: Sala restaurants, Restauració sala | D172: =_xlfn.XLOOKUP(C172,Conversio!$B:$B,Conversio!$C:$C,"No trobat",0) -> CCR00000 | E172: =_xlfn.XLOOKUP(D:D,Conversio!C:C,Conversio!D:D,"No trobat") -> ADMINISTRACIO RESTAURANTS | F172: Fira BCN | G172: =_xlfn.XLOOKUP(F172,Conversio!$B:$B,Conversio!$C:$C,"No trobat",0) -> CCR00011 | H172: =_xlfn.XLOOKUP(G172,Conversio!$C:$C,Conversio!$D:$D,"No trobat",0) -> GREEN VITA | I172: 3090 | J172: =I172/60 -> 51.5 | K172: 18 | L172: =J172*K172 -> 927
A173: 46054 | B173: MARIA BEGOÑA PINILLOS ARAGAY | C173: Juno sala, Cambrer/a Juno | D173: =_xlfn.XLOOKUP(C173,Conversio!$B:$B,Conversio!$C:$C,"No trobat",0) -> CCR00007 | E173: =_xlfn.XLOOKUP(D:D,Conversio!C:C,Conversio!D:D,"No trobat") -> RESTAURANT JUNO HOUSE | F173: Fira BCN | G173: =_xlfn.XLOOKUP(F173,Conversio!$B:$B,Conversio!$C:$C,"No trobat",0) -> CCR00011 | H173: =_xlfn.XLOOKUP(G173,Conversio!$C:$C,Conversio!$D:$D,"No trobat",0) -> GREEN VITA | I173: 1869 | J173: =I173/60 -> 31.15 | K173: 18 | L173: =J173*K173 -> 560.7
A174: 46054 | B174: VICENTE ALBORNOZ | C174: Camp Nou cuina, Cuiner/a Camp Nou | D174: =_xlfn.XLOOKUP(C174,Conversio!$B:$B,Conversio!$C:$C,"No trobat",0) -> CCR00004 | E174: =_xlfn.XLOOKUP(D:D,Conversio!C:C,Conversio!D:D,"No trobat") -> RESTAURANT CAMP NOU | F174: Fira BCN | G174: =_xlfn.XLOOKUP(F174,Conversio!$B:$B,Conversio!$C:$C,"No trobat",0) -> CCR00011 | H174: =_xlfn.XLOOKUP(G174,Conversio!$C:$C,Conversio!$D:$D,"No trobat",0) -> GREEN VITA | I174: 3480 | J174: =I174/60 -> 58 | K174: 18 | L174: =J174*K174 -> 1044
A175: 46054 | B175: CHRISTIAN OMAR ROJAS DE LA CRUZ | C175: Plural cuina, Greenvita cuina, Responsable cuina Plural | D175: =_xlfn.XLOOKUP(C175,Conversio!$B:$B,Conversio!$C:$C,"No trobat",0) -> CCR00009 | E175: =_xlfn.XLOOKUP(D:D,Conversio!C:C,Conversio!D:D,"No trobat") -> RESTAURANT VALKIRIA | F175: Fira BCN | G175: =_xlfn.XLOOKUP(F175,Conversio!$B:$B,Conversio!$C:$C,"No trobat",0) -> CCR00011 | H175: =_xlfn.XLOOKUP(G175,Conversio!$C:$C,Conversio!$D:$D,"No trobat",0) -> GREEN VITA | I175: 3570 | J175: =I175/60 -> 59.5 | K175: 18 | L175: =J175*K175 -> 1071
A176: 46054 | B176: GISLENE GOMES RIBEIRO POTRATZ | C176: Camp Nou sala, Cambrer/a Camp Nou | D176: =_xlfn.XLOOKUP(C176,Conversio!$B:$B,Conversio!$C:$C,"No trobat",0) -> CCR00004 | E176: =_xlfn.XLOOKUP(D:D,Conversio!C:C,Conversio!D:D,"No trobat") -> RESTAURANT CAMP NOU | F176: Juno | G176: =_xlfn.XLOOKUP(F176,Conversio!$B:$B,Conversio!$C:$C,"No trobat",0) -> CCR00007 | H176: =_xlfn.XLOOKUP(G176,Conversio!$C:$C,Conversio!$D:$D,"No trobat",0) -> RESTAURANT JUNO HOUSE | I176: 90 | J176: =I176/60 -> 1.5 | K176: 18 | L176: =J176*K176 -> 27
A177: 46054 | B177: CHRISTIAN OMAR ROJAS DE LA CRUZ | C177: Plural cuina, Greenvita cuina, Responsable cuina Plural | D177: =_xlfn.XLOOKUP(C177,Conversio!$B:$B,Conversio!$C:$C,"No trobat",0) -> CCR00009 | E177: =_xlfn.XLOOKUP(D:D,Conversio!C:C,Conversio!D:D,"No trobat") -> RESTAURANT VALKIRIA | F177: Masia | G177: =_xlfn.XLOOKUP(F177,Conversio!$B:$B,Conversio!$C:$C,"No trobat",0) -> CCR00003 | H177: =_xlfn.XLOOKUP(G177,Conversio!$C:$C,Conversio!$D:$D,"No trobat",0) -> RESTAURANT LA MASIA D'ESPLUGUES | I177: 690 | J177: =I177/60 -> 11.5 | K177: 18 | L177: =J177*K177 -> 207
A178: 46054 | B178: MARIA BEGOÑA PINILLOS ARAGAY | C178: Juno sala, Cambrer/a Juno | D178: =_xlfn.XLOOKUP(C178,Conversio!$B:$B,Conversio!$C:$C,"No trobat",0) -> CCR00007 | E178: =_xlfn.XLOOKUP(D:D,Conversio!C:C,Conversio!D:D,"No trobat") -> RESTAURANT JUNO HOUSE | F178: Masia | G178: =_xlfn.XLOOKUP(F178,Conversio!$B:$B,Conversio!$C:$C,"No trobat",0) -> CCR00003 | H178: =_xlfn.XLOOKUP(G178,Conversio!$C:$C,Conversio!$D:$D,"No trobat",0) -> RESTAURANT LA MASIA D'ESPLUGUES | I178: 1860 | J178: =I178/60 -> 31 | K178: 18 | L178: =J178*K178 -> 558
A179: 46054 | B179: MIRNA BEATRIZ TORRES ZAVALA | C179: Plural cuina, Cuiner/a Plural | D179: =_xlfn.XLOOKUP(C179,Conversio!$B:$B,Conversio!$C:$C,"No trobat",0) -> CCR00009 | E179: =_xlfn.XLOOKUP(D:D,Conversio!C:C,Conversio!D:D,"No trobat") -> RESTAURANT VALKIRIA | F179: Masia | G179: =_xlfn.XLOOKUP(F179,Conversio!$B:$B,Conversio!$C:$C,"No trobat",0) -> CCR00003 | H179: =_xlfn.XLOOKUP(G179,Conversio!$C:$C,Conversio!$D:$D,"No trobat",0) -> RESTAURANT LA MASIA D'ESPLUGUES | I179: 480 | J179: =I179/60 -> 8 | K179: 18 | L179: =J179*K179 -> 144
... A190: 46082 | B190: LIDA LILIAN SIGAS NIETO | C190: Juno sala, Responsable sala Juno, Juno House | D190: =_xlfn.XLOOKUP(C190,Conversio!$B:$B,Conversio!$C:$C,"No trobat",0) -> CCR00007 | E190: =_xlfn.XLOOKUP(D:D,Conversio!C:C,Conversio!D:D,"No trobat") -> RESTAURANT JUNO HOUSE | F190: Camp Nou | G190: =_xlfn.XLOOKUP(F190,Conversio!$B:$B,Conversio!$C:$C,"No trobat",0) -> CCR00004 | H190: =_xlfn.XLOOKUP(G190,Conversio!$C:$C,Conversio!$D:$D,"No trobat",0) -> RESTAURANT CAMP NOU | I190: 423 | J190: =I190/60 -> 7.05 | K190: 18 | L190: =J190*K190 -> 126.9
A191: 46082 | B191: AIDA JACKELINE PUCHA LAIÑO | C191: Cuina adminsitració, Cuina adminsitració | D191: =_xlfn.XLOOKUP(C191,Conversio!$B:$B,Conversio!$C:$C,"No trobat",0) -> CCC00007 | E191: =_xlfn.XLOOKUP(D:D,Conversio!C:C,Conversio!D:D,"No trobat") -> CUINA CENTRAL | F191: Cuina Càtering | G191: =_xlfn.XLOOKUP(#REF!,Conversio!$B:$B,Conversio!$C:$C,"No trobat",0) -> #REF! | H191: =_xlfn.XLOOKUP(G191,Conversio!$C:$C,Conversio!$D:$D,"No trobat",0) -> #REF! | I191: 3955 | J191: =I191/60 -> 65.916667 | K191: 18 | L191: =J191*K191 -> 1186.5
A192: 46082 | B192: ANDREA MARGARITA AMPOSTA MERO | C192: Events cuina central, Events cuina central | D192: =_xlfn.XLOOKUP(C192,Conversio!$B:$B,Conversio!$C:$C,"No trobat",0) -> CCC00007 | E192: =_xlfn.XLOOKUP(D:D,Conversio!C:C,Conversio!D:D,"No trobat") -> CUINA CENTRAL | F192: Cuina Càtering | G192: =_xlfn.XLOOKUP(F192,Conversio!$B:$B,Conversio!$C:$C,"No trobat",0) -> CCE00000 | H192: =_xlfn.XLOOKUP(G192,Conversio!$C:$C,Conversio!$D:$D,"No trobat",0) -> ADMINISTRACIO EMPRESA | I192: 3623 | J192: =I192/60 -> 60.383333 | K192: 18 | L192: =J192*K192 -> 1086.9
A193: 46082 | B193: ANTONIO JOSE PEREZ MARIN | C193: Sortides càtering, Sortides càtering | D193: =_xlfn.XLOOKUP(C193,Conversio!$B:$B,Conversio!$C:$C,"No trobat",0) -> CCC00007 | E193: =_xlfn.XLOOKUP(D:D,Conversio!C:C,Conversio!D:D,"No trobat") -> CUINA CENTRAL | F193: Cuina Càtering | G193: =_xlfn.XLOOKUP(F193,Conversio!$B:$B,Conversio!$C:$C,"No trobat",0) -> CCE00000 | H193: =_xlfn.XLOOKUP(G193,Conversio!$C:$C,Conversio!$D:$D,"No trobat",0) -> ADMINISTRACIO EMPRESA | I193: 14198 | J193: =I193/60 -> 236.63333 | K193: 18 | L193: =J193*K193 -> 4259.4
A194: 46082 | B194: AURELIO MONGE CANO | C194: Events cuina central, Events cuina central | D194: =_xlfn.XLOOKUP(C194,Conversio!$B:$B,Conversio!$C:$C,"No trobat",0) -> CCC00007 | E194: =_xlfn.XLOOKUP(D:D,Conversio!C:C,Conversio!D:D,"No trobat") -> CUINA CENTRAL | F194: Cuina Càtering | G194: =_xlfn.XLOOKUP(F194,Conversio!$B:$B,Conversio!$C:$C,"No trobat",0) -> CCE00000 | H194: =_xlfn.XLOOKUP(G194,Conversio!$C:$C,Conversio!$D:$D,"No trobat",0) -> ADMINISTRACIO EMPRESA | I194: 1357 | J194: =I194/60 -> 22.616667 | K194: 18 | L194: =J194*K194 -> 407.1
A195: 46082 | B195: AXEL JOVER TRUJILLO | C195: Sortides càtering, Sortides càtering | D195: =_xlfn.XLOOKUP(C195,Conversio!$B:$B,Conversio!$C:$C,"No trobat",0) -> CCC00007 | E195: =_xlfn.XLOOKUP(D:D,Conversio!C:C,Conversio!D:D,"No trobat") -> CUINA CENTRAL | F195: Cuina Càtering | G195: =_xlfn.XLOOKUP(F195,Conversio!$B:$B,Conversio!$C:$C,"No trobat",0) -> CCE00000 | H195: =_xlfn.XLOOKUP(G195,Conversio!$C:$C,Conversio!$D:$D,"No trobat",0) -> ADMINISTRACIO EMPRESA | I195: 9445 | J195: =I195/60 -> 157.41667 | K195: 18 | L195: =J195*K195 -> 2833.5
A196: 46082 | B196: CARLES AULLON SANSON | C196: Orígens cuina, Responsable cuina Orígens | D196: =_xlfn.XLOOKUP(C196,Conversio!$B:$B,Conversio!$C:$C,"No trobat",0) -> CCR00001 | E196: =_xlfn.XLOOKUP(D:D,Conversio!C:C,Conversio!D:D,"No trobat") -> RESTAURANT ORIGENS | F196: Cuina Càtering | G196: =_xlfn.XLOOKUP(F196,Conversio!$B:$B,Conversio!$C:$C,"No trobat",0) -> CCE00000 | H196: =_xlfn.XLOOKUP(G196,Conversio!$C:$C,Conversio!$D:$D,"No trobat",0) -> ADMINISTRACIO EMPRESA | I196: 3109 | J196: =I196/60 -> 51.816667 | K196: 18 | L196: =J196*K196 -> 932.7
A197: 46082 | B197: CARLOS PIEDRA LARA | C197: Events cuina central, Events cuina central | D197: =_xlfn.XLOOKUP(C197,Conversio!$B:$B,Conversio!$C:$C,"No trobat",0) -> CCC00007 | E197: =_xlfn.XLOOKUP(D:D,Conversio!C:C,Conversio!D:D,"No trobat") -> CUINA CENTRAL | F197: Cuina Càtering | G197: =_xlfn.XLOOKUP(F197,Conversio!$B:$B,Conversio!$C:$C,"No trobat",0) -> CCE00000 | H197: =_xlfn.XLOOKUP(G197,Conversio!$C:$C,Conversio!$D:$D,"No trobat",0) -> ADMINISTRACIO EMPRESA | I197: 2243 | J197: =I197/60 -> 37.383333 | K197: 18 | L197: =J197*K197 -> 672.9
...

Sheet employee_by_project_costs-2026-
A1: Empleado | B1: ID externo de empleado | C1: Organizaciones | D1: ID de proyecto | E1: ID del proyecto padre | F1: Proyecto | G1: Minutos | H1: Coste total | I1: Coste medio hora | J1: Gastos - Total | K1: Gastos - Despeses gestió empresa | L1: Gastos - Kilometraje
A2: AIDA JACKELINE PUCHA LAIÑO | B2: 941 | C2: Cuina adminsitració, Cuina adminsitració | D2: 15734340 | F2: Cuina Càtering | G2: 3435
A3: AISSA RABBOUH | B3: 156 | C3: Mirador cuina, Cuiner/a Mirador | D3: 15734340 | F3: Cuina Càtering | G3: 600
A4: AISSA RABBOUH | B4: 156 | C4: Mirador cuina, Cuiner/a Mirador | D4: 15734332 | F4: Mirador | G4: 472
A5: AISSA RABBOUH | B5: 156 | C5: Mirador cuina, Cuiner/a Mirador | D5: 15734330 | F5: Nàutic | G5: 1578
A6: ALAN GARCIA SANCHEZ | B6: 1085 | C6: Recepció cuina central, Recepció cuina central | D6: 15734340 | F6: Cuina Càtering | G6: 2888
A7: ANA ISABEL CABELLO RODRIGUEZ | B7: 1090 | C7: Soliver sala, Cambrer/a Soliver | D7: 15769388 | F7: Càtering | G7: 3081
A8: ANDREA MARGARITA AMPOSTA MERO | B8: 687 | C8: Events cuina central, Events cuina central | D8: 15734340 | F8: Cuina Càtering | G8: 1841
A9: ANGELA ESTELA FLORES MEDRANO | B9: 979 | C9: Precuinats cuina central, Precuinats cuina central | D9: 15734340 | F9: Cuina Càtering | G9: 583
A10: ANTONIO JOSE PEREZ MARIN | B10: 1009 | C10: Sortides càtering, Sortides càtering | D10: 15734340 | F10: Cuina Càtering | G10: 14703
A11: ARAYA SAEZ LIDON | B11: 111022 | C11: Plural sala, Cambrer/a Plural | D11: 15734336 | F11: Camp Nou | G11: 360
A12: ARAYA SAEZ LIDON | B12: 111022 | C12: Plural sala, Cambrer/a Plural | D12: 15769388 | F12: Càtering | G12: 970
A13: ARAYA SAEZ LIDON | B13: 111022 | C13: Plural sala, Cambrer/a Plural | D13: 15734333 | F13: Masia | G13: 1650
... A62: JOSE ANTONIO OCHOA SANCHEZ | B62: 663 | C62: Bases cuina central, Bases cuina central | D62: 15734340 | F62: Cuina Càtering | G62: 14311
A63: JOSE DELIO REYES GUZMAN | B63: 1058 | D63: 15734340 | F63: Cuina Càtering | G63: 1125
A64: JUAN MARTIN GOMEZ VASQUEZ | B64: 138 | C64: Tarraco cuina, Responsable cuina Tarraco | D64: 15734335 | F64: Tarraco | G64: 6173
A65: LESYA MANKO | B65: 1093 | C65: Soliver cuina, Responsable cuina Soliver | D65: 15734340 | F65: Cuina Càtering | G65: 2950
A66: LIDA LILIAN SIGAS NIETO | B66: 450022 | C66: Juno sala, Responsable sala Juno, Juno House | D66: 15734336 | F66: Camp Nou | G66: 442
A67: LUIS FERNANDO GOMEZ FLOREZ | B67: 515 | C67: La Masia sala, La Masia, Cambrer/a Masia | D67: 15769388 | F67: Càtering | G67: 2173
A68: MARC DOMENECH VILA | B68: 290015 | C68: La Masia cuina, La Masia, Cuiner/a Masia | D68: 15769388 | F68: Càtering | G68: 270
A69: MARIA BEGOÑA GUILLEN BORBOLLA | B69: 898 | C69: Events cuina central, Events cuina central | D69: 15734340 | F69: Cuina Càtering | G69: 3707
A70: MARIA BEGOÑA PINILLOS ARAGAY | B70: 985 | C70: Juno sala, Cambrer/a Juno, Juno House | D70: 15734333 | F70: Masia | G70: 808
A71: MARIA ISABEL GONZALEZ FERNANDEZ | B71: 313 | C71: Mirador sala, Cambrer/a Mirador | D71: 15734330 | F71: Nàutic | G71: 632
A72: MAURICIO DIAS GRILLO | B72: 521 | C72: Precuinats cuina central, Precuinats cuina central | D72: 15769388 | F72: Càtering | G72: 3863
A73: MAURICIO DIAS GRILLO | B73: 521 | C73: Precuinats cuina central, Precuinats cuina central | D73: 15734340 | F73: Cuina Càtering | G73: 1081
A74: MELVIN ALBERTO SANCHEZ RODRIGUEZ | B74: 1022 | C74: Producció, Tècnic/a producció | D74: 15776283 | F74: Logística | G74: 851
A75: MIRIAM CASTRO ORTIZ | B75: 251 | C75: Decoració | D75: 15769388 | F75: Càtering | G75: 1399
... A108: YASSINE CHARA | B108: 134 | C108: Tarraco sala, Responsable sala Tarraco | D108: 15739585 | F108: Tarraco Festivals | G108: 252

Sheet Conversio
B2: Plural sala, Cambrer/a Plural | C2: CCR00009 | D2: RESTAURANT VALKIRIA
B3: Juno sala, Cambrer/a Juno, Juno House | C3: CCR00007 | D3: RESTAURANT JUNO HOUSE
B4: La Masia sala, La Masia, Cambrer/a Masia | C4: CCR00003 | D4: RESTAURANT LA MASIA D'ESPLUGUES
B5: Juno sala, Responsable sala Juno, Juno House | C5: CCR00007 | D5: RESTAURANT JUNO HOUSE
B6: Soliver sala, Cambrer/a Soliver | C6: CCR00010 | D6: RESTAURANT SOLIVER
B7: Orígens cuina, Cuiner/a Orígens | C7: CCR00001 | D7: RESTAURANT ORIGENS
B8: Plural cuina, Greenvita cuina, Responsable cuina Plural | C8: CCR00009 | D8: RESTAURANT VALKIRIA
B9: Camp Nou cuina, Cuiner/a Camp Nou | C9: CCR00004 | D9: RESTAURANT CAMP NOU
B10: Juno sala, Cambrer/a Juno, Juno House, Serveis externs | C10: CCR00009 | D10: RESTAURANT VALKIRIA
B11: La Masia cuina, La Masia, Cuiner/a Masia | C11: CCR00003 | D11: RESTAURANT LA MASIA D'ESPLUGUES
B12: Cuina Central, Sortides càtering | C12: CCC00007 | D12: CUINA CENTRAL
B13: Precuinats cuina central, Precuinats cuina central | C13: CCP00014 | D13: CENTRE PRODUCCIO
... B61: Juno sala, Cambrer/a Juno | C61: CCR00007 | D61: RESTAURANT JUNO HOUSE
